loss,accuracy,val_loss,val_accuracy
0.16562052071094513,0.9594992399215698,0.12713660299777985,0.9598214030265808
0.08504529297351837,0.9675993919372559,0.1091160774230957,0.9598214030265808
